{
    "cellpose-cyto2": {
        "TSN-1": 0.27369445,
        "TSN-2": 0.5481848292,
        "TSN-3": 0.6093692723,
        "TSN-4": 0.7843849877,
        "TSN-5": 0.7140635492,
        "TSN-6": 0.4229046001,
        "TSN-7": 0.7041347231,
        "TSN-8": 0.7369294969,
        "TSN-9": 0.4583661038,
        "TSN-10": 0.4578514929,
        "TSN-11": 0.6596191838,
        "TSN-12": 0.6071754646,
        "TSN-13": 0.7537268515,
        "TSN-14": 0.4411141123
    },
    "stardist": {
        "TSN-1": 0.5390038085,
        "TSN-2": 0.6927025754,
        "TSN-3": 0.7590009485,
        "TSN-4": 0.7576906377,
        "TSN-5": 0.7090871508,
        "TSN-6": 0.6843303931,
        "TSN-7": 0.6508271631,
        "TSN-8": 0.7091640838,
        "TSN-9": 0.7299697185,
        "TSN-10": 0.7671839754,
        "TSN-11": 0.7307024715,
        "TSN-12": 0.7169928385,
        "TSN-13": 0.7512897377,
        "TSN-14": 0.6544807754
    },
    "cellseg1": {
        "TSN-1": 0.7871830739,
        "TSN-2": 0.7233279439,
        "TSN-3": 0.7708318142,
        "TSN-4": 0.7253140486,
        "TSN-5": 0.7505959777,
        "TSN-6": 0.7898373787,
        "TSN-7": 0.7091035705,
        "TSN-8": 0.7948469932,
        "TSN-9": 0.7426108168,
        "TSN-10": 0.7051060842,
        "TSN-11": 0.757808832,
        "TSN-12": 0.7748526243,
        "TSN-13": 0.748161481,
        "TSN-14": 0.7831612138
    },
    "SAM": {
        "TSN-1": 0.4367722295797788,
        "TSN-2": 0.4441174314572261,
        "TSN-3": 0.4370326583202069,
        "TSN-4": 0.445425971196248,
        "TSN-5": 0.43997997504014236,
        "TSN-6": 0.44764212232369643,
        "TSN-7": 0.44581985015135545,
        "TSN-8": 0.44632736765421355,
        "TSN-9": 0.4381043016910553,
        "TSN-10": 0.43203502664199245,
        "TSN-11": 0.4512623640207144,
        "TSN-12": 0.43660033436921925,
        "TSN-13": 0.4406250829880054,
        "TSN-14": 0.43771297885821414
    },
    "CellSAM": {
        "TSN-1": 0.7146514023076922,
        "TSN-2": 0.7203775984615384,
        "TSN-3": 0.7089716446153845,
        "TSN-4": 0.7185759907692307,
        "TSN-5": 0.7163203184615384,
        "TSN-6": 0.7213088753846153,
        "TSN-7": 0.708560463076923,
        "TSN-8": 0.7202185215384614,
        "TSN-9": 0.7140217115384615,
        "TSN-10": 0.7130235830769232,
        "TSN-11": 0.7318616338461539,
        "TSN-12": 0.7147394015384615,
        "TSN-13": 0.7097104446153846,
        "TSN-14": 0.7141588907692308
    }
}