{
    "good_train_ids": {
        "cellseg_blood": 138,
        "deepbacs_rod_brightfield": 6,
        "deepbacs_rod_fluorescence": 70,
        "dsb2018_stardist": 435,
        "cellpose_specialized": 60
    },
    "bad_train_ids": {
        "cellseg_blood": 35,
        "deepbacs_rod_brightfield": 2,
        "deepbacs_rod_fluorescence": 37,
        "dsb2018_stardist": 97,
        "cellpose_specialized": 61
    },
    "good_rotations": [
        0,
        0,
        0,
        1,
        1
    ],
    "bad_rotations": [
        2,
        1,
        0,
        2,
        0
    ],
    "good_boxes": [
        [
            4,
            284,
            200,
            480
        ],
        [
            365,
            465,
            160,
            260
        ],
        [
            240,
            410,
            90,
            260
        ],
        [
            4,
            164,
            100,
            260
        ],
        [
            330,
            440,
            390,
            500
        ]
    ],
    "bad_boxes": [
        [
            30,
            200,
            320,
            490
        ],
        [
            0,
            110,
            330,
            440
        ],
        [
            140,
            240,
            70,
            170
        ],
        [
            30,
            150,
            310,
            430
        ],
        [
            200,
            496,
            200,
            496
        ]
    ],
    "good_ap50s": [
        0.8988966941833496,
        0.8314384818077087,
        0.8106474876403809,
        0.872525691986084,
        0.8535715341567993
    ],
    "bad_ap50s": [
        0.6735358238220215,
        0.7038594484329224,
        0.0229720864444971,
        0.5330246090888977,
        0.449089914560318
    ],
    "good_cell_nums": [
        5,
        76,
        22,
        25,
        16
    ],
    "bad_cell_nums": [
        26,
        52,
        23,
        51,
        8
    ],
    "anno_for_good_zoom_images": [
        "Diverse background",
        "Dividing cells",
        "Precise label",
        "Scale diversity",
        "Boundary cell label"
    ],
    "anno_for_bad_zoom_images": [
        "Color distortion",
        "Missed cells",
        "Label offset",
        "False merging",
        "Limited shapes"
    ]
}