{
    "cellpose-scratch": 0.7502625356702244,
    "stardist": 0.569084,
    "cellseg1": 0.8232377171516418,
    "CellSAM": 0.757338,
    "cellpose-cyto2": 0.7474663
}