{
    "cellpose-cyto2": {
        "TSN-1": 0.759508,
        "TSN-2": 0.7071638,
        "TSN-3": 0.8728123,
        "TSN-4": 0.8268873,
        "TSN-5": 0.805707,
        "TSN-6": 0.78701127,
        "TSN-7": 0.908138,
        "TSN-8": 0.7874549,
        "TSN-9": 0.89863133,
        "TSN-10": 0.8528953,
        "TSN-11": 0.8179383,
        "TSN-12": 0.84697515,
        "TSN-13": 0.90045476,
        "TSN-14": 0.8958144
    },
    "stardist": {
        "TSN-1": 0.85324895,
        "TSN-2": 0.78373206,
        "TSN-3": 0.87724805,
        "TSN-4": 0.8238424,
        "TSN-5": 0.8334985,
        "TSN-6": 0.7821833,
        "TSN-7": 0.8879906,
        "TSN-8": 0.7921143,
        "TSN-9": 0.8851443,
        "TSN-10": 0.8796701,
        "TSN-11": 0.8510532,
        "TSN-12": 0.87375873,
        "TSN-13": 0.88474214,
        "TSN-14": 0.87964183
    },
    "cellseg1": {
        "TSN-1": 0.8145668507,
        "TSN-2": 0.688261807,
        "TSN-3": 0.813733995,
        "TSN-4": 0.7282938361,
        "TSN-5": 0.8095431328,
        "TSN-6": 0.7344536185,
        "TSN-7": 0.8263646364,
        "TSN-8": 0.6888208389,
        "TSN-9": 0.8327080607,
        "TSN-10": 0.8347318172,
        "TSN-11": 0.7809345126,
        "TSN-12": 0.807982862,
        "TSN-13": 0.8269441724,
        "TSN-14": 0.837125957
    },
    "SAM": {
        "TSN-1": 0.5014187097549438,
        "TSN-2": 0.4059310853481293,
        "TSN-3": 0.4980331361293793,
        "TSN-4": 0.3889200687408447,
        "TSN-5": 0.4597180187702179,
        "TSN-6": 0.3601101040840149,
        "TSN-7": 0.3837996423244476,
        "TSN-8": 0.3772019147872925,
        "TSN-9": 0.4841017723083496,
        "TSN-10": 0.563002347946167,
        "TSN-11": 0.3130469620227813,
        "TSN-12": 0.503653347492218,
        "TSN-13": 0.451331615447998,
        "TSN-14": 0.4891889691352844
    },
    "CellSAM": {
        "TSN-1": 0.73603225,
        "TSN-2": 0.6615917,
        "TSN-3": 0.8098691,
        "TSN-4": 0.6850126,
        "TSN-5": 0.71433634,
        "TSN-6": 0.6494851,
        "TSN-7": 0.81521446,
        "TSN-8": 0.6636597,
        "TSN-9": 0.74421823,
        "TSN-10": 0.7571939,
        "TSN-11": 0.51229924,
        "TSN-12": 0.73488826,
        "TSN-13": 0.8002647,
        "TSN-14": 0.7424349
    }
}