{
    "cellseg1": {
        "CSB": 0.3152710795,
        "CPS": 0.9184469581,
        "DSB": 0.8072683811,
        "ECB": 0.0329096839,
        "BSF": 0.1791713834,
        "TSN-1": 0.7594785094,
        "TSN-2": 0.6274186373,
        "TSN-3": 0.8031195402,
        "TSN-4": 0.6946517229,
        "TSN-5": 0.7666653991,
        "TSN-6": 0.64845258,
        "TSN-7": 0.677693665,
        "TSN-8": 0.6594099402,
        "TSN-9": 0.7834824324,
        "TSN-10": 0.8112852573,
        "TSN-11": 0.5741428733,
        "TSN-12": 0.7888790965,
        "TSN-13": 0.6891756058,
        "TSN-14": 0.7925578356
    },
    "cellpose-cyto2": {
        "CSB": 0.32365793,
        "CPS": 0.8589264,
        "DSB": 0.48311394,
        "ECB": 0.1666672,
        "BSF": 0.24090376,
        "TSN-1": 0.10887674,
        "TSN-2": 0.22536337,
        "TSN-3": 0.5257185,
        "TSN-4": 0.410308,
        "TSN-5": 0.5430399,
        "TSN-6": 0.24117468,
        "TSN-7": 0.48123518,
        "TSN-8": 0.41977048,
        "TSN-9": 0.5185807,
        "TSN-10": 0.29977018,
        "TSN-11": 0.1819017,
        "TSN-12": 0.3175697,
        "TSN-13": 0.30704919,
        "TSN-14": 0.45598316
    },
    "stardist": {
        "CSB": 0.2139722,
        "CPS": 0.6882352,
        "DSB": 0.79672235,
        "ECB": 0.023729654,
        "BSF": 0.15618692,
        "TSN-1": 0.14132576,
        "TSN-2": 0.3557508,
        "TSN-3": 0.33299017,
        "TSN-4": 0.47226155,
        "TSN-5": 0.51627964,
        "TSN-6": 0.13054998,
        "TSN-7": 0.5519154,
        "TSN-8": 0.42631957,
        "TSN-9": 0.39598963,
        "TSN-10": 0.15238309,
        "TSN-11": 0.30044547,
        "TSN-12": 0.19965895,
        "TSN-13": 0.52026415,
        "TSN-14": 0.27620393
    }
}